Bulan,Panggilan Masuk,Panggilan Dijawab Petugas,% Panggilan Dijawab Petugas,Rata - Rata Waktu Layanan,"Panggilan Dijawab 
< 20 Detik",Informasi,Permintaan,Pengaduan,Total,Tuntas pada Layanan CC 165,% Tuntas pada Layanan CC 165,Disposisi Kantor Cabang,% Disposisi
Jan-26,207737,200725,"96,62%",0:03:58,"77,88%",156194,20143,1137,177474,176756,"99,60%",718,"0,40%"
Feb-26,220195,200306,"90,97%",0:04:12,"61,70%",152617,22815,1974,177406,176527,"99,50%",879,"0,50%"
Mar-26,134379,133900,"99,64%",0:04:04,"97,94%",107434,14110,782,122326,121813,"99,58%",513,"0,42%"
Apr-26,148071,146631,"99,03%",0:04:00,"95,02%",115697,16281,992,132970,132525,"99,67%",445,"0,33%"
May-26,139817,137982,"98,69%",0:04:03,"92,18%",108310,16002,991,125303,124768,"99,57%",535,"0,43%"
Jun-26,137865,136880,"99,29%",0:03:55,"97,04%",109814,13727,1148,124689,124223,"99,63%",466,"0,37%"
Jul-26,128904,127992,"99,29%",0:03:58,"97,02%",102029,13823,899,116751,116394,"99,69%",357,"0,31%"
"Total/
Rata-Rata",1116968,1084416,"97,65%",0:04:01,"88,40%",852095,116901,7923,976919,973006,"99,61%",3913,"0,39%"